Workbook

Sheet Dashboard
A1: STUDENT PERFORMANCE DASHBOARD | 2025–26
A3: Class Filter | B3: Class 10 | D3: Gender Filter | E3: Female
A6: Students | D6: Average Score | G6: Pass Count | J6: Avg Attendance
A7: =COUNTIFS('Student Data'!$C$2:$C$151,IF($B$3="All","*",$B$3),'Student Data'!$E$2:$E$151,IF($E$3="All","*",$E$3)) -> 22 | D7: =IFERROR(SUMIFS('Student Data'!$L$2:$L$151,'Student Data'!$C$2:$C$151,IF($B$3="All","*",$B$3),'Student Data'!$E$2:$E$151,IF($E$3="All","*",$E$3))/COUNTIFS('Student Data'!$C$2:$C$151,IF($B$3="All","*",$B$3),'Student Data'!$E$2:$E$151,IF($E$3="All","*",$E$3)),0) -> 73.581818 | G7: =COUNTIFS('Student Data'!$C$2:$C$151,IF($B$3="All","*",$B$3),'Student Data'!$E$2:$E$151,IF($E$3="All","*",$E$3),'Student Data'!$M$2:$M$151,"Pass") -> 21 | J7: =IFERROR(SUMIFS('Student Data'!$J$2:$J$151,'Student Data'!$C$2:$C$151,IF($B$3="All","*",$B$3),'Student Data'!$E$2:$E$151,IF($E$3="All","*",$E$3))/COUNTIFS('Student Data'!$C$2:$C$151,IF($B$3="All","*",$B$3),'Student Data'!$E$2:$E$151,IF($E$3="All","*",$E$3)),0) -> 85.863636
A25: Class | B25: Average Score | D25: Subject | E25: Average Marks | G25: Result | H25: Students
A26: Class 8 | B26: =IFERROR(SUMIFS('Student Data'!$L$2:$L$151,'Student Data'!$C$2:$C$151,A26,'Student Data'!$E$2:$E$151,IF($E$3="All","*",$E$3))/COUNTIFS('Student Data'!$C$2:$C$151,A26,'Student Data'!$E$2:$E$151,IF($E$3="All","*",$E$3)),0) -> 65.125 | D26: Maths | E26: =IFERROR(SUMIFS('Student Data'!$F$2:$F$151,'Student Data'!$C$2:$C$151,IF($B$3="All","*",$B$3),'Student Data'!$E$2:$E$151,IF($E$3="All","*",$E$3))/COUNTIFS('Student Data'!$C$2:$C$151,IF($B$3="All","*",$B$3),'Student Data'!$E$2:$E$151,IF($E$3="All","*",$E$3)),0) -> 78.090909 | G26: Pass | H26: =COUNTIFS('Student Data'!$C$2:$C$151,IF($B$3="All","*",$B$3),'Student Data'!$E$2:$E$151,IF($E$3="All","*",$E$3),'Student Data'!$M$2:$M$151,G26) -> 21
A27: Class 9 | B27: =IFERROR(SUMIFS('Student Data'!$L$2:$L$151,'Student Data'!$C$2:$C$151,A27,'Student Data'!$E$2:$E$151,IF($E$3="All","*",$E$3))/COUNTIFS('Student Data'!$C$2:$C$151,A27,'Student Data'!$E$2:$E$151,IF($E$3="All","*",$E$3)),0) -> 66.971429 | D27: Science | E27: =IFERROR(SUMIFS('Student Data'!$G$2:$G$151,'Student Data'!$C$2:$C$151,IF($B$3="All","*",$B$3),'Student Data'!$E$2:$E$151,IF($E$3="All","*",$E$3))/COUNTIFS('Student Data'!$C$2:$C$151,IF($B$3="All","*",$B$3),'Student Data'!$E$2:$E$151,IF($E$3="All","*",$E$3)),0) -> 69.727273 | G27: Needs Support | H27: =COUNTIFS('Student Data'!$C$2:$C$151,IF($B$3="All","*",$B$3),'Student Data'!$E$2:$E$151,IF($E$3="All","*",$E$3),'Student Data'!$M$2:$M$151,G27) -> 1
A28: Class 10 | B28: =IFERROR(SUMIFS('Student Data'!$L$2:$L$151,'Student Data'!$C$2:$C$151,A28,'Student Data'!$E$2:$E$151,IF($E$3="All","*",$E$3))/COUNTIFS('Student Data'!$C$2:$C$151,A28,'Student Data'!$E$2:$E$151,IF($E$3="All","*",$E$3)),0) -> 73.581818 | D28: English | E28: =IFERROR(SUMIFS('Student Data'!$H$2:$H$151,'Student Data'!$C$2:$C$151,IF($B$3="All","*",$B$3),'Student Data'!$E$2:$E$151,IF($E$3="All","*",$E$3))/COUNTIFS('Student Data'!$C$2:$C$151,IF($B$3="All","*",$B$3),'Student Data'!$E$2:$E$151,IF($E$3="All","*",$E$3)),0) -> 71.545455
D29: Marathi | E29: =IFERROR(SUMIFS('Student Data'!$I$2:$I$151,'Student Data'!$C$2:$C$151,IF($B$3="All","*",$B$3),'Student Data'!$E$2:$E$151,IF($E$3="All","*",$E$3))/COUNTIFS('Student Data'!$C$2:$C$151,IF($B$3="All","*",$B$3),'Student Data'!$E$2:$E$151,IF($E$3="All","*",$E$3)),0) -> 74.954545

Sheet Student Data
A1: Student ID | B1: Student Name | C1: Class | D1: Section | E1: Gender | F1: Maths | G1: Science | H1: English | I1: Marathi | J1: Attendance % | K1: Total Marks | L1: Average % | M1: Result
A2: STU-001 | B2: Aarav More | C2: Class 8 | D2: B | E2: Female | F2: 100 | G2: 91 | H2: 92 | I2: 100 | J2: 65 | K2: 383 | L2: 95.8 | M2: Pass
A3: STU-002 | B3: Rohan Joshi | C3: Class 10 | D3: C | E3: Male | F3: 37 | G3: 89 | H3: 100 | I3: 77 | J3: 83 | K3: 303 | L3: 75.8 | M3: Pass
A4: STU-003 | B4: Kabir Joshi | C4: Class 9 | D4: B | E4: Male | F4: 88 | G4: 75 | H4: 67 | I4: 65 | J4: 73 | K4: 295 | L4: 73.8 | M4: Pass
A5: STU-004 | B5: Myra Deshmukh | C5: Class 8 | D5: A | E5: Male | F5: 56 | G5: 56 | H5: 56 | I5: 35 | J5: 85 | K5: 203 | L5: 50.8 | M5: Pass
A6: STU-005 | B6: Kabir Verma | C6: Class 10 | D6: A | E6: Male | F6: 43 | G6: 57 | H6: 32 | I6: 23 | J6: 68 | K6: 155 | L6: 38.8 | M6: Needs Support
A7: STU-006 | B7: Pihu Chavan | C7: Class 9 | D7: A | E7: Male | F7: 48 | G7: 52 | H7: 34 | I7: 36 | J7: 74 | K7: 170 | L7: 42.5 | M7: Needs Support
A8: STU-007 | B8: Meera More | C8: Class 8 | D8: B | E8: Male | F8: 71 | G8: 47 | H8: 97 | I8: 79 | J8: 74 | K8: 294 | L8: 73.5 | M8: Pass
A9: STU-008 | B9: Kabir Verma | C9: Class 8 | D9: C | E9: Female | F9: 88 | G9: 85 | H9: 95 | I9: 48 | J9: 99 | K9: 316 | L9: 79 | M9: Pass
A10: STU-009 | B10: Anaya Raut | C10: Class 8 | D10: B | E10: Female | F10: 76 | G10: 71 | H10: 61 | I10: 89 | J10: 84 | K10: 297 | L10: 74.2 | M10: Pass
A11: STU-010 | B11: Diya Patil | C11: Class 8 | D11: B | E11: Male | F11: 71 | G11: 68 | H11: 80 | I11: 69 | J11: 75 | K11: 288 | L11: 72 | M11: Pass
A12: STU-011 | B12: Pihu Joshi | C12: Class 9 | D12: C | E12: Female | F12: 57 | G12: 90 | H12: 69 | I12: 88 | J12: 91 | K12: 304 | L12: 76 | M12: Pass
A13: STU-012 | B13: Saanvi Kale | C13: Class 9 | D13: B | E13: Female | F13: 81 | G13: 77 | H13: 57 | I13: 46 | J13: 64 | K13: 261 | L13: 65.2 | M13: Pass
... A151: STU-150 | B151: Arjun Deshmukh | C151: Class 10 | D151: B | E151: Female | F151: 86 | G151: 91 | H151: 96 | I151: 83 | J151: 76 | K151: 356 | L151: 89 | M151: Pass

Sheet Pivot Summary
A1: STUDENT PERFORMANCE SUMMARY (PIVOT-STYLE)
A3: Class | B3: Student Count | C3: Average Score | D3: Average Attendance | F3: Gender | G3: Student Count | H3: Average Score | I3: Pass Count | K3: Subject | L3: Average Marks | M3: Maximum Marks
A4: Class 8 | B4: =COUNTIF('Student Data'!$C$2:$C$151,A4) -> 43 | C4: =AVERAGEIF('Student Data'!$C$2:$C$151,A4,'Student Data'!$L$2:$L$151) -> 63.093023 | D4: =AVERAGEIF('Student Data'!$C$2:$C$151,A4,'Student Data'!$J$2:$J$151) -> 82.883721 | F4: Female | G4: =COUNTIF('Student Data'!$E$2:$E$151,F4) -> 73 | H4: =AVERAGEIF('Student Data'!$E$2:$E$151,F4,'Student Data'!$L$2:$L$151) -> 68.558904 | I4: =COUNTIFS('Student Data'!$E$2:$E$151,F4,'Student Data'!$M$2:$M$151,"Pass") -> 63 | K4: Maths | L4: =AVERAGE('Student Data'!$F$2:$F$151) -> 66.813333 | M4: =MAX('Student Data'!$F$2:$F$151) -> 100
A5: Class 9 | B5: =COUNTIF('Student Data'!$C$2:$C$151,A5) -> 59 | C5: =AVERAGEIF('Student Data'!$C$2:$C$151,A5,'Student Data'!$L$2:$L$151) -> 66.879661 | D5: =AVERAGEIF('Student Data'!$C$2:$C$151,A5,'Student Data'!$J$2:$J$151) -> 81.745763 | F5: Male | G5: =COUNTIF('Student Data'!$E$2:$E$151,F5) -> 77 | H5: =AVERAGEIF('Student Data'!$E$2:$E$151,F5,'Student Data'!$L$2:$L$151) -> 63.985714 | I5: =COUNTIFS('Student Data'!$E$2:$E$151,F5,'Student Data'!$M$2:$M$151,"Pass") -> 64 | K5: Science | L5: =AVERAGE('Student Data'!$G$2:$G$151) -> 64.886667 | M5: =MAX('Student Data'!$G$2:$G$151) -> 100
A6: Class 10 | B6: =COUNTIF('Student Data'!$C$2:$C$151,A6) -> 48 | C6: =AVERAGEIF('Student Data'!$C$2:$C$151,A6,'Student Data'!$L$2:$L$151) -> 68.183333 | D6: =AVERAGEIF('Student Data'!$C$2:$C$151,A6,'Student Data'!$J$2:$J$151) -> 83.958333 | K6: English | L6: =AVERAGE('Student Data'!$H$2:$H$151) -> 67.113333 | M6: =MAX('Student Data'!$H$2:$H$151) -> 100
K7: Marathi | L7: =AVERAGE('Student Data'!$I$2:$I$151) -> 66.026667 | M7: =MAX('Student Data'!$I$2:$I$151) -> 100

Sheet Filter Lists
A1: Class Filter | B1: Gender Filter
A2: All | B2: All
A3: Class 8 | B3: Female
A4: Class 9 | B4: Male
A5: Class 10
